<?xml version="1.0" encoding="UTF-8"?>
<beans xmlns="http://www.springframework.org/schema/beans"
       xmlns:xsi="http://www.w3.org/2001/XMLSchema-instance"
       xmlns:mvc="http://www.springframework.org/schema/mvc"
       xmlns:context="http://www.springframework.org/schema/context"
       xmlns:p="http://www.springframework.org/schema/p"
       xmlns:tx="http://www.springframework.org/schema/tx"
       xsi:schemaLocation="
           http://www.springframework.org/schema/mvc 
           http://www.springframework.org/schema/mvc/spring-mvc-4.0.xsd
           http://www.springframework.org/schema/beans 
           http://www.springframework.org/schema/beans/spring-beans.xsd
           http://www.springframework.org/schema/context 
           http://www.springframework.org/schema/context/spring-context-4.1.xsd
           http://www.springframework.org/schema/tx 
           http://www.springframework.org/schema/tx/spring-tx-4.1.xsd" default-autowire="constructor">

    <mvc:annotation-driven />
    <tx:annotation-driven/>
   
    
    <!-- Enable Autowiring -->
    <bean class="org.springframework.beans.factory.annotation.AutowiredAnnotationBeanPostProcessor" />

    <!-- Component Scan -->
    <context:component-scan base-package="com" />

    <!-- DataSource Configuration -->
    <bean id="ds" class="org.springframework.jdbc.datasource.DriverManagerDataSource">
        <property name="driverClassName" value="com.mysql.cj.jdbc.Driver" />
        <property name="url" value="jdbc:mysql://localhost:3306/dreamhomefinance" />
        <property name="username" value="root" />
        <property name="password" value="root" />
    </bean>

    <!-- LocalSessionFactoryBean -->
    <bean id="factory" class="org.springframework.orm.hibernate5.LocalSessionFactoryBean">
        <property name="dataSource" ref="ds" />
        <property name="hibernateProperties">
            <props>
                <prop key="hibernate.dialect">org.hibernate.dialect.MySQL5Dialect</prop>
                <prop key="hibernate.show_sql">true</prop>
                <prop key="hibernate.format_sql">true</prop>
                <prop key="hibernate.hbm2ddl.auto">update</prop>
              
            </props>
        </property>
        <property name="annotatedClasses">
            <list>
                <value>com.entity.SignUp</value>
                <value>com.entity.Apply</value>
                <value>com.entity.Contact</value>
            </list>
        </property>
    </bean>

    <!-- HibernateTemplate -->
    <bean id="hibernateTemplate" class="org.springframework.orm.hibernate5.HibernateTemplate">
        <property name="sessionFactory" ref="factory" />
    </bean>

    <!-- HibernateTransactionManager -->
    <bean id="transactionManager" class="org.springframework.orm.hibernate5.HibernateTransactionManager">
        <property name="sessionFactory" ref="factory" />
    </bean>

    <!-- DAO class -->
     <bean id="signUpRepository" class="com.repository.SignUpRepository">
        <property name="hibernateTemplate" ref="hibernateTemplate" />
    </bean> 
     <bean id="applyRepository" class="com.repository.ApplyRepository">
        <property name="hibernateTemplate" ref="hibernateTemplate" />
    </bean> 
    <bean id="contactRepository" class="com.repository.ContactRepository">
        <property name="hibernateTemplate" ref="hibernateTemplate" />
    </bean> 

    <!-- ViewResolver bean -->
    <bean id="viewResolver" class="org.springframework.web.servlet.view.InternalResourceViewResolver">
        <property name="prefix" value="/WEB-INF/"/>
        <property name="suffix" value=".jsp" />
    </bean>

</beans>